{
  "Agna": [
    45.1701644,
    11.9607309
  ],
  "Agordo": [
    46.2821471,
    12.034981
  ],
  "Arabba": [
    46.4971763,
    11.8740902
  ]
}