{
  "Agna": [
    45.1701644,
    11.9607309
  ],
  "Agordo": [
    46.2821471,
    12.034981
  ],
  "Arabba": [
    46.4971763,
    11.8740902
  ],
  "Arcole": [
    45.3582108,
    11.2860916
  ],
  "Astico A Pedescala": [
    45.8682807,
    11.3614856
  ],
  "Auronzo": [
    46.5511562,
    12.4430387
  ],
  "Barbarano Vicentino": [
    45.4093424,
    11.5409364
  ],
  "Breganze": [
    45.7081441,
    11.5647668
  ],
  "Brendola": [
    45.4721218,
    11.4469703
  ],
  "Buttapietra": [
    45.3420898,
    10.99859
  ],
  "Campodarsego": [
    45.502855,
    11.9074958
  ],
  "Caprile": [
    45.6897517,
    8.2162595
  ],
  "Casamazzagno": [
    46.591698,
    12.5123473
  ],
  "Castelfranco Veneto": [
    45.671139,
    11.9265624
  ],
  "Castelnuovo Del Garda": [
    45.4383996,
    10.7604791
  ],
  "Cavallino Treporti": [
    45.4792171,
    12.515257
  ],
  "Chioggia - Sant'anna": [
    45.1450477,
    12.2684988
  ],
  "Cittadella": [
    45.6487941,
    11.7835801
  ],
  "Codevigo": [
    45.2673516,
    12.1013012
  ],
  "Col Indes (tambre)": [
    46.1217628,
    12.4381573
  ],
  "Concadirame (rovigo)": [
    45.0948142,
    11.7286599
  ],
  "Conegliano": [
    45.8862172,
    12.2977566
  ],
  "Cortina D'ampezzo - Gilardon": [
    46.5446584,
    12.1176993
  ],
  "Costalta": [
    46.5801658,
    12.5747244
  ],
  "Crespadoro": [
    45.620193,
    11.22589
  ],
  "Dolce'": [
    45.600689,
    10.852482
  ],
  "Domegge Di Cadore": [
    46.4603762,
    12.4158245
  ],
  "Eraclea": [
    45.5762676,
    12.6729111
  ],
  "Faloria": [
    46.532618,
    12.1726708
  ],
  "Farra Di Soligo": [
    45.9053812,
    12.1254301
  ],
  "Forno Di Zoldo - Campo": [
    46.3460532,
    12.1763266
  ],
  "Fossalta Di Portogruaro": [
    45.7917474,
    12.9090234
  ],
  "Frassinelle Polesine": [
    44.995182,
    11.698811
  ],
  "Gaiarine": [
    45.8805037,
    12.4815909
  ],
  "Gares": [
    46.3126645,
    11.8814448
  ],
  "Grantorto": [
    45.600775,
    11.7309556
  ],
  "Grezzana": [
    45.5185311,
    11.0161587
  ],
  "Illasi": [
    45.4659334,
    11.1800214
  ],
  "Legnaro": [
    45.345648,
    11.963935
  ],
  "Longarone": [
    46.265786,
    12.2999366
  ],
  "Lugugnana (portogruaro)": [
    45.7330575,
    12.9561329
  ],
  "Lusiana": [
    45.7851934,
    11.576369
  ],
  "Malga Ciapela": [
    46.4276747,
    11.9117939
  ],
  "Malo": [
    45.660296,
    11.407493
  ],
  "Marano Di Valpolicella": [
    45.5560474,
    10.9156845
  ],
  "Maser": [
    45.807541,
    11.9724872
  ],
  "Mira": [
    45.4119965,
    12.1942107
  ],
  "Misurina": [
    46.5785263,
    12.252033
  ],
  "Molini (laghi)": [
    45.8317563,
    11.2565181
  ],
  "Montagnana": [
    45.2333207,
    11.4657779
  ],
  "Monte Avena": [
    46.0312553,
    11.8225278
  ],
  "Montecchio Precalcino": [
    45.665781,
    11.563302
  ],
  "Montegalda": [
    45.4437746,
    11.6732113
  ],
  "Oderzo": [
    45.7833709,
    12.4937783
  ],
  "Passo Falzarego": [
    46.5187504,
    12.0084323
  ],
  "Passo Monte Croce Comelico": [
    46.6559436,
    12.4201102
  ],
  "Passo Pordoi": [
    46.4875517,
    11.8121935
  ],
  "Passo Santa Caterina (valdagno)": [
    45.6171023,
    11.2612729
  ],
  "Passo Valles": [
    46.3386138,
    11.8002577
  ],
  "Pian Del Crep (val Di Zoldo)": [
    46.3862223,
    12.0971786
  ],
  "Podestagno (cortina D'ampezzo)": [
    46.5997443,
    12.1228713
  ],
  "Recoaro Mille": [
    45.6887531,
    11.2259071
  ],
  "Roncade": [
    45.6279075,
    12.3747797
  ],
  "Rosa'": [
    45.9252867,
    12.8832782
  ],
  "Roverchiara": [
    45.2723159,
    11.2477997
  ],
  "Salizzole": [
    45.2427902,
    11.0844436
  ],
  "San Bellino": [
    45.0295522,
    11.5898119
  ],
  "San Bortolo": [
    45.0650659,
    11.79839
  ],
  "San Martino D'alpago": [
    46.1808283,
    12.3938801
  ],
  "San Pietro In Cariano": [
    45.5209134,
    10.8863774
  ],
  "Sant'andrea (gosaldo)": [
    46.2277747,
    11.9568973
  ],
  "Sant'antonio Tortal": [
    46.0387927,
    12.1621792
  ],
  "Santo Stefano Di Cadore": [
    46.5579382,
    12.5491422
  ],
  "Sorga'": [
    45.2134004,
    10.9793623
  ],
  "Sospirolo": [
    46.1427254,
    12.0749943
  ],
  "Teolo": [
    45.365421,
    11.6886055
  ],
  "Torch": [
    46.1524823,
    12.3646902
  ],
  "Trecenta": [
    45.0309442,
    11.4605212
  ],
  "Turcati (recoaro Terme)": [
    45.7039393,
    11.1836445
  ],
  "Valdagno": [
    45.6413213,
    11.3040596
  ],
  "Valdobbiadene - Bigolino": [
    45.8781736,
    12.0127041
  ],
  "Valli Del Pasubio": [
    45.7407742,
    11.262167
  ],
  "Villadose": [
    45.0689156,
    11.893738
  ],
  "Villafranca Di Verona": [
    45.3509277,
    10.8459956
  ],
  "Villanova (borca Di Cadore)": [
    46.439601,
    12.2118739
  ],
  "Villorba": [
    45.7292486,
    12.2562455
  ],
  "Volpago Del Montello": [
    45.7780578,
    12.119815
  ],
  "Zero Branco": [
    45.601701,
    12.165212
  ],
  "Urbino": [
    43.7262608,
    12.6363135
  ],
  "Pesaro": [
    43.9098114,
    12.9131228
  ],
  "Misano Adriatico": [
    43.9774954,
    12.6986947
  ],
  "Misano Monte": [
    43.9586567,
    12.655194
  ],
  "Biella": [
    45.5669538,
    8.086912
  ],
  "Milano": [
    45.4641943,
    9.1896346
  ],
  "Firenze": [
    43.7697955,
    11.2556404
  ],
  "Pisa": [
    43.4714722,
    10.6797912
  ],
  "Caltanisetta": [
    38.0511394,
    13.5294225
  ],
  "Caltanissetta": [
    37.4902628,
    14.063284
  ],
  "Rimini": [
    43.9465433,
    12.630749
  ],
  "Cesena": [
    44.136352,
    12.2422442
  ],
  "Vibo Valentia": [
    38.6266556,
    16.0986935
  ],
  "Perugia": [
    43.1070321,
    12.4029962
  ],
  "Campomarino": [
    41.9562688,
    15.034344
  ],
  "Crotone": [
    39.1873894,
    16.8782819
  ],
  "Tropea": [
    38.6752674,
    15.8948507
  ],
  "Trapani": [
    38.0173961,
    12.5160225
  ],
  "Agrigento": [
    37.3122991,
    13.57465
  ],
  "Morciano Di Romagna": [
    43.913748,
    12.6460672
  ],
  "Messina": [
    38.1937571,
    15.5542082
  ],
  "Santa Maria Di Leuca": [
    39.7995053,
    18.3579493
  ],
  "Sapri": [
    40.0750785,
    15.6297747
  ],
  "Bra": [
    44.6976778,
    7.8542707
  ],
  "Alessandria": [
    44.8349533,
    8.7450304
  ],
  "Vasto": [
    42.12434,
    14.705923
  ],
  "Cagliari": [
    39.2171994,
    9.113311
  ],
  "Bronte": [
    37.7871598,
    14.8338448
  ],
  "Trento": [
    46.1029536,
    11.1297425
  ],
  "Canzolino": [
    46.0834168,
    11.2217848
  ],
  "Chiesa": [
    44.3683143,
    8.2348661
  ],
  "Puglia": [
    40.9842539,
    16.6210027
  ],
  "Venezia": [
    45.4371908,
    12.3345898
  ],
  "Pescara": [
    42.3102619,
    13.9575901
  ],
  "Molise": [
    41.684672,
    14.595614
  ],
  "Siena": [
    43.1672059,
    11.467561
  ],
  "Padova": [
    45.391408,
    11.8058487
  ],
  "Fano": [
    43.8424173,
    13.0146632
  ],
  "Siracusa": [
    37.0646139,
    15.2907196
  ],
  "Viterbo": [
    42.4929522,
    11.9488136
  ],
  "Borgo Santa Maria": [
    43.8751976,
    12.8023555
  ],
  "Mondolfo": [
    43.7507687,
    13.0968907
  ],
  "Morterone": [
    45.8795148,
    9.4862269
  ],
  "Acquacanina": [
    43.0298075,
    13.1750621
  ],
  "Marotta": [
    43.7712681,
    13.1330281
  ],
  "Ravenna": [
    44.3640607,
    12.0590095
  ],
  "Mantova": [
    45.1692628,
    10.6708365
  ],
  "Misano": [
    45.468775,
    9.621057
  ],
  "Parma": [
    44.6952006,
    10.0979869
  ],
  "Reggio Emilia": [
    44.6086674,
    10.5940667
  ],
  "Roma": [
    41.8933203,
    12.4829321
  ],
  "Falconara Marittima": [
    43.6293969,
    13.3966763
  ],
  "Benevento": [
    41.2476307,
    14.7057054
  ],
  "Vicenza": [
    45.6348591,
    11.4063543
  ],
  "Treviso": [
    45.8066913,
    12.2063158
  ],
  "Pordenone": [
    45.9562503,
    12.6597197
  ],
  "Napoli": [
    40.8358846,
    14.2487679
  ],